MP RP,IFPA RP,IPR,Name,Team,Role,IFPA ID,IFPA Rank,MP LB,MP RD,MPR
1,1,1,Aaron Anderson,,,,,,,
3,4,4,Aaron Bendickson,CDC,C,7073,904,1432,69,1570
2,1,2,Aaron Donny-Clark,SCN,P,35499,15560,1295,67,1429
2,1,2,Aaron Erisman,,,,,1292,59,1410
5,4,5,Aaron Garberding,,,9383,559,1574,41,1656
1,1,1,Aaron Ling,,,,,1162,125,1412
1,2,2,Aaron McAbee,,,8645,4334,1243,84,1411
1,1,1,Aaron Miller WA,,,57414,11269,1250,125,1500
1,1,1,Abdulla Syed,TBT,P,42482,21603,1253,83,1418
1,1,1,Adam Aly,FRZ,P,,,,,
2,2,2,Adam Chesbrough,,,7987,3344,1339,69,1478
1,1,1,Age Diaz,JMF,P,20060,6327,1234,56,1347
4,4,4,Alan Wiley,TWC,P,28877,879,1478,41,1559
3,1,3,Alan Woodyard,FRZ,P,50324,7961,1391,63,1516
3,1,3,Alex Hart,HHS,P,,,1363,64,1491
1,1,1,Alex Hawley,DTP,P,,,1236,80,1396
1,1,1,Alex Hoganson,,,,,,,
4,4,4,Alex Singleterry,HHS,A,24660,744,1482,34,1549
5,2,5,Alex Skinner,DTP,C,6835,4156,1532,47,1626
5,6,6,Alex Tada,,,14383,125,1551,39,1628
4,4,4,Alexa Philbeck,TWC,C,22985,923,1497,32,1562
4,2,4,Algird Lisaius,KNR,P,48639,3164,1446,39,1524
1,1,1,Alicia Seftel,LLK,A,,,1214,63,1340
3,2,3,Allison Mcclure,SJK,P,51260,4265,1366,52,1470
2,1,2,Ally Christofferson,,,54262,8790,1278,73,1423
3,3,3,Altwin Hawksford,PGN,P,23901,2062,1399,32,1462
2,1,2,Alyson Rae,,,,,1258,67,1392
3,1,3,Amber Marie Simon,,,22330,6136,1410,75,1560
2,1,2,Amber Pepin-Turbide,,,30014,6132,1306,89,1484
1,1,1,Amberle Houston,,,32147,31552,1147,116,1379
4,1,4,Andre Needham,,,8266,12112,1464,95,1653
1,1,1,Andrea Mas,,,34942,19826,1250,125,1500
2,1,2,Andrew Bolt,,,,,1307,101,1509
4,3,4,Andrew Nunes,,,1651,1129,1465,44,1553
5,5,5,Andy Burton,SSS,P,611,365,1556,42,1641
2,1,2,Andy Glass,HHS,P,57448,15124,1314,45,1405
1,1,1,Andy Hatch,,,11546,10866,1215,117,1449
3,1,3,Andy Yarritu,FRZ,P,52791,5022,1415,48,1511
1,1,1,Anne Swanson,,,33538,12352,1198,65,1328
2,1,2,Anthony Ciampi,,,,,1280,105,1490
2,1,2,Anthony Gragnani,,,57263,27405,1329,47,1424
3,3,3,Anthony McCammant,PGN,P,45876,2446,1440,34,1507
3,3,3,Anthony Welters,CPO,C,39458,1607,1404,45,1494
3,1,3,Ari Golding,SJK,P,21897,5262,1370,51,1472
2,1,2,Ari Stinson,DIH,P,42077,20077,1268,69,1406
1,1,1,Arthur Alvarez,,,49668,12548,1224,77,1378
2,1,2,Ash Landers,DTP,P,56115,10910,1289,42,1374
1,1,1,Ashley Negron,,,52423,12425,1124,75,1273
4,3,4,Ashley Weaver,SWL,P,49083,2300,1467,30,1527
3,2,3,Atomic Sita,,,41609,4269,1366,58,1481
1,1,1,Atticus Wiman,RMS,P,,,1238,64,1366
4,3,4,Austin Arlitt,SJK,P,10919,2178,1474,44,1563
4,4,4,Benton Seybold,IBL,P,34526,987,1448,40,1528
2,1,2,Bethany Brakemeyer,,,26408,5029,1349,78,1505
1,1,1,Bianca Coleman,,,57423,20932,1222,81,1384
2,1,2,Blake Butler,,,,,1280,80,1440
5,5,5,Blake Mitchell,TBT,C,21615,313,1562,39,1640
4,3,4,Bo Kellogg,,,12961,1574,1500,38,1576
5,3,5,Bobby Conover,SJK,C,6160,2084,1565,52,1670
2,1,2,Brad Crowden,,,35776,8965,1303,87,1477
2,1,2,Brad Hayden,SSS,P,3317,5985,1339,47,1432
3,2,3,Bre Lloyd,PBR,A,45880,2601,1368,45,1458
2,1,2,Brent Longenecker,,,,,1299,125,1549
1,1,1,Brenton Ash,,,42335,14583,1064,102,1269
3,2,3,Brett Wolfe,NLT,C,31731,2938,1440,53,1546
5,3,5,Brian Chesbrough,SSS,A,6142,1669,1544,44,1633
1,1,1,Brian Geiszler,,,36801,25858,1094,124,1341
5,2,5,Brian Hyder,PBR,P,38462,3040,1564,44,1653
1,1,1,Brian Wilka,,,,,,,
3,2,3,Bridgette Thimsen,,,45885,3003,1434,57,1547
2,1,2,Brittany Semrow,,,37207,10106,1295,69,1432
2,2,2,Brodi B,PGN,P,49079,3354,1350,62,1475
1,1,1,Brodie Somers,,,,,1153,105,1363
4,3,4,Brooke Borcherding,FRZ,C,31625,1742,1463,34,1531
4,3,4,Bryan Eastman,TWC,P,44230,1316,1497,39,1574
3,1,3,Bryn Bomar,SCN,A,37159,9190,1355,58,1470
2,2,2,Buzz Johnson,,,25524,4744,1273,70,1413
4,1,4,Cameron Austgen,,,20057,14628,1450,66,1582
1,1,1,Cameron Dean,,,,,1245,92,1429
2,1,2,Carl Davis,,,58241,19480,1273,64,1402
3,2,3,Casey Jones,,,44388,2673,1367,47,1462
3,3,3,Challisa Parisi,,,17630,2401,1421,72,1565
2,1,2,Chelsea Rakonza,,,43771,7943,1330,71,1472
3,3,3,Chelsey Oedewaldt,,,27507,2399,1356,64,1483
4,3,4,Chelsie Hulka,DSV,P,27493,2034,1473,44,1561
3,1,3,Chico Santana,,,,,1414,73,1560
3,2,3,Chris Bronson,,,25523,2567,1356,61,1478
6,6,6,Chris Chinn,,,29083,41,1642,28,1699
2,1,2,Chris Harrington,DIH,P,47239,14884,1336,56,1449
3,2,3,Chris Kimbrough,KNR,P,38327,3112,1424,58,1540
2,1,2,Chris Noerr,,,,,1295,82,1459
4,1,4,Chris Tinney,CPO,P,45438,5050,1445,41,1527
1,3,3,Christel Macabeo,,,21539,2169,1223,93,1408
3,2,3,Claire Burke,SCN,C,33169,3881,1393,41,1474
2,1,2,Clayton Michael,CDC,P,50374,5074,1316,54,1423
3,3,3,Clayton Stetz,IBL,A,27503,1728,1414,39,1491
1,1,1,Colin Avrech,,,50373,9679,1247,79,1406
4,3,4,Corbin Sheffels,SCN,P,21493,1186,1499,49,1598
1,1,1,Corey Barreras,,,45715,9130,1213,72,1356
2,1,2,Corey Klier,SSS,P,56657,19906,1259,40,1339
3,3,3,Cory Moormeier,,,15562,2386,1391,50,1491
2,1,2,Craig Cainkar,,,58391,6388,1336,73,1482
4,4,4,Craig R Jones,,,34433,824,1489,59,1607
1,1,1,Croix Frigo,DIH,P,,,1244,62,1368
1,1,1,Dan Atchison,CHS,P,,,,,
3,1,3,Dan Crowdus,,,41196,7314,1386,61,1507
4,4,4,Dan Danger,PBR,P,15561,797,1481,45,1572
2,3,3,Dan Mclane,,,41600,2469,1272,73,1418
3,1,3,Danae Hackett,,,36832,16311,1371,48,1466
1,1,1,Dane Hjeresen,,,,,,,
1,1,1,Daniel Marino,ALU,P,,,,,
1,3,3,Daniel Miller WA,,,30016,1609,1250,125,1500
3,2,3,Daniel Reddin,DIH,A,39585,4534,1353,65,1484
4,3,4,Daniel Salo,JMF,A,17535,2016,1458,40,1538
2,1,2,Daniel Scott Clark,,,37391,10782,1322,53,1427
3,2,3,Danielle Crowson,SCN,P,31959,3044,1383,48,1480
2,1,2,Danielle Wilcox,,,51575,12520,1309,66,1441
5,1,5,Danny Rashid,SJK,P,20712,11839,1564,54,1672
5,4,5,Darin Lange,,,41585,998,1519,39,1597
1,1,1,Darryl Tillman,,,,,1197,116,1429
1,1,1,Dave Kane,RMS,P,,,,,
1,1,1,Dave Mealy,,,,,1195,120,1435
6,6,6,Dave Stewart,DSV,P,54,33,1683,31,1744
1,1,1,David Donner,,,40425,12928,1157,60,1277
2,2,2,David Griffin,CRA,A,41500,3946,1283,48,1379
3,3,3,David Latimer,,,12001,2448,1371,80,1531
2,1,2,David Palen,SCN,P,,,1267,63,1393
4,3,4,David Rauschenberg,,,23614,1469,1447,53,1552
1,1,1,Deborah Torrison,ALU,P,,,,,
2,3,3,Dennis Ayres,,,24659,1789,1304,96,1496
1,1,1,Derek Lee,,,39967,31730,1245,104,1452
4,2,4,Dickie Hornaman,CRA,P,45375,2588,1455,41,1537
3,1,3,Diego Medrano,,,54256,12316,1370,104,1577
2,1,2,Dingo Freid,,,46367,5070,1284,56,1397
3,1,3,Dj Youngblood,CDC,P,,,1372,57,1486
2,1,2,Dominique Shadduck,KNR,P,47780,10212,1321,44,1409
1,1,1,Doug Turney,,,,,1154,114,1382
3,2,3,Dwayne Collins,DTP,A,33062,3955,1369,34,1437
6,4,6,Elijah Nelson,SSS,P,3276,810,1624,35,1694
2,1,2,Elliott Johnson,CRA,P,,,1326,44,1414
2,1,2,Emerson Gelb,HHS,P,57266,14772,1279,57,1393
2,1,2,Emily Beirne,FRZ,P,50126,13579,1322,46,1414
3,1,3,Emily Gibian,,,54257,7247,1405,46,1498
1,1,1,Emily Tower,,,49472,14607,1254,66,1387
3,2,3,Emma Frost,,,44906,4700,1381,44,1470
1,1,1,Emma Hellthaler,,,,,1153,105,1363
5,4,5,Eric Csakany,CRA,C,32895,968,1571,42,1655
1,1,1,Eric Dushoff,,,24748,11631,1039,93,1224
1,1,1,Eric Garrison,,,,,,,
6,4,6,Eric Morales,,,23997,840,1605,45,1695
5,4,5,Erik Gust,TWC,P,3287,639,1580,51,1682
2,2,2,Erin Shadensack,PGN,C,40652,4474,1344,49,1441
1,1,1,Ethan Johnson,,,41603,29227,1254,80,1413
3,1,3,Evan Adkins,,,34073,6320,1383,57,1496
3,2,3,Evan McBride,,,15560,2908,1403,82,1567
4,3,4,Eyehole Man,PGN,P,20094,1262,1451,37,1526
4,3,4,Fabian Benabente,SWL,P,52531,1594,1475,44,1563
2,1,2,Fernando Pizarro,TBT,P,39581,9796,1267,69,1405
4,3,4,Flash Haze,TBT,P,17537,1427,1467,42,1551
1,1,1,Frank Haltom,,,19491,,1250,125,1500
3,3,3,Frank Sposaro,DTP,P,20058,2025,1444,70,1584
1,1,1,Gabrielle Torrison,ALU,P,,,,,
3,1,3,Gavin Carrol,,,54608,8012,1419,44,1507
5,4,5,Geoff Simons,PBR,P,16570,765,1532,41,1613
2,1,2,George Kent,,,48187,5701,1327,63,1454
3,1,3,George Lally,,,8897,10835,1365,99,1564
3,3,3,Gilbert Sandejas,,,30152,1856,1438,50,1538
4,3,4,Gordon Ornelas,,,3289,1908,1476,44,1564
2,1,2,Greg Balducci,LLK,C,41037,12325,1338,56,1451
2,1,2,Greg Gramenz,,,53806,17295,1321,87,1495
4,5,5,Hannah Hatch,,,17104,452,1479,47,1573
3,2,3,Harold Noble,,,48168,4505,1402,38,1479
3,3,3,Hayden McCabe,PBR,P,17604,2036,1439,43,1525
1,1,1,Heather Brammer,,,9597,,1250,125,1500
4,3,4,Heather Loudon,SSS,C,9142,1189,1450,29,1508
3,2,3,Heather Thompson,SWL,P,44541,3298,1388,42,1472
3,3,3,Heather Willott,,,12716,2440,1365,49,1464
2,1,2,Honi Harrison,DIH,P,48095,6169,1304,57,1418
2,1,2,Ian Spicknal,CHS,P,,,1304,81,1466
1,1,1,Isaac Harney,,,34115,6487,1249,78,1405
2,1,2,Isaac Kaplan-Woolner,,,42014,9753,1302,60,1422
2,1,2,Jackson Mccomish,ALU,P,,,1331,95,1521
3,1,3,Jackson Ryan,,,53964,12272,1355,62,1478
2,1,2,Jacob Bevan,KNR,P,47775,7918,1340,53,1445
4,3,4,Jake Hei,,,50081,2344,1449,57,1563
1,1,1,James Brown,,,57265,22216,1250,125,1500
2,3,3,James Daniels,,,21270,2123,1336,91,1517
5,4,5,James Frost-Winn,,,35952,682,1546,34,1614
2,1,2,James Orrell,,,59031,25676,1340,60,1460
4,3,4,James Thompson,NLT,P,45585,1563,1498,48,1593
4,1,4,Jamie Winsor,DTP,P,24907,9356,1491,57,1606
1,1,1,Janet Owen,,,49478,,1127,125,1377
4,5,5,Jared Baldridge,IBL,P,39582,479,1488,41,1570
3,3,3,Jared Gamble,IBL,C,24018,1064,1418,54,1525
6,5,6,Jarrett Gaddy,SJK,P,6143,332,1605,51,1706
1,1,1,Jarrod Job,,,49094,9494,1099,98,1294
5,4,5,Jason Hatch,,,614,605,1548,58,1665
3,3,3,Jason Heitt,NLT,P,33168,1576,1424,54,1533
1,1,1,Jason Lombard,LLK,P,,,1243,68,1379
2,3,3,Jason Trojan,,,9595,2490,1282,78,1438
1,1,1,Jay Hain,FRZ,P,,,1223,91,1405
1,1,1,Jay Sowell,,,52600,23609,1161,85,1332
3,1,3,Jay Sweeney,DIH,C,48097,5600,1427,58,1543
3,1,3,Jay Waymire,DIH,P,,,1358,62,1482
2,3,3,Jeff Anderson WA,,,9226,1422,1336,80,1496
5,3,5,Jeff Debock,CRA,P,14840,1092,1554,38,1630
2,2,2,Jeff Dillaman,CHS,P,55787,4985,1328,69,1466
5,5,5,Jeff Gagnon,,,711,203,1532,54,1640
2,2,2,Jeff Rogers,,,13383,3417,1284,112,1508
3,3,3,Jeff Sawyer,,,27226,1944,1416,46,1509
1,1,1,Jeremiah Ratledge,KNR,P,52943,23617,1242,102,1447
3,2,3,Jeremy Edwards,IBL,P,14503,2596,1434,51,1535
1,1,1,Jeremy Jones,,,39598,20967,1148,124,1397
1,1,1,Jesse Chappelle,,,19323,,1250,125,1500
5,5,5,Jesse Labbe,,,49364,362,1538,30,1598
2,1,2,Jesse Mercury,,,41320,5834,1346,88,1522
5,3,5,Jesse Mullene,CHS,A,38463,1171,1509,45,1599
2,1,2,Jesse Rinehart,,,,,1303,89,1481
3,1,3,Jessica Dengler,NLT,P,41764,11350,1356,48,1453
5,3,5,Jodine Hatfield,,,9235,1881,1528,55,1639
3,1,3,Joe Ricci,RMS,P,56594,20667,1355,66,1486
4,2,4,John Garnett,SWL,P,32819,2520,1448,36,1520
3,3,3,John Lim,,,1665,2213,1354,66,1486
5,3,5,John McAllister,SJK,P,16788,1441,1581,54,1690
5,5,5,John Robinson WA,CRA,P,21384,247,1557,28,1614
1,1,1,Johnny Hill,,,58686,,1250,125,1500
5,4,5,Jon Salzman,IBL,P,26374,933,1573,45,1663
3,2,3,Jon Shaiman,KNR,P,50869,4045,1441,61,1563
4,3,4,Jonathan Hawthorne,DSV,P,24519,1081,1447,38,1524
5,5,5,Jordan Semrow,,,28813,254,1563,33,1629
3,2,3,Jorge Romero,CDC,P,2094,3843,1377,56,1490
1,1,1,Josh Anderson,,,49156,27619,1214,81,1377
1,1,1,Josh Dupraw,,,,,1108,101,1310
4,3,4,Josh Hornbaker,PBR,P,35492,1592,1474,43,1561
1,1,1,Josh Schaffner,RMS,P,,,,,
1,1,1,Josh Swaney,RMS,P,,,,,
4,2,4,Joshua Barnes,,,27230,2633,1449,40,1530
6,5,6,Joshua Bartlett,,,25521,222,1658,41,1739
1,1,1,Joshua DeGarmo,LLK,P,41036,16213,1218,58,1334
5,3,5,Joshua Francis,CRA,P,30041,2090,1558,39,1636
1,1,1,Joy Nash,,,,,1157,109,1375
4,5,5,Julie Gray,,,1380,340,1461,36,1534
3,1,3,Justin Blau,JMF,P,18884,7220,1387,56,1499
4,3,4,Justin Hugeback,,,21896,1414,1490,64,1618
4,3,4,Justina Russo,,,44242,1688,1497,34,1566
3,1,3,Karla Rivers,,,42222,9336,1388,61,1509
4,3,4,Katie Eichenberger,SWL,P,31811,1656,1457,34,1526
3,3,3,Katie Janis,,,25563,1644,1422,57,1536
2,3,3,Kay Kay,CPO,A,37557,2458,1312,55,1421
4,4,4,Kayla Greet,FRZ,P,16787,997,1464,44,1552
4,2,4,Keenan Goodall,HHS,P,37362,2926,1470,44,1558
2,1,2,Keith Wolfe,,,6411,5554,1301,93,1487
4,2,4,Kellan Kirkland,TWC,P,41039,2778,1461,51,1562
3,2,3,Kellan Smith,,,13738,4929,1370,78,1527
1,1,1,Kelsey Myers,,,,,,,
2,1,2,Kelsie Sherman Hall,,,48487,6667,1332,68,1469
1,1,1,Ken Dean,,,,,1220,91,1402
6,1,6,Kevin Birrell,CDC,P,,,1613,51,1715
4,2,4,Kevin Lessig,DSV,P,609,4635,1494,48,1590
3,1,3,Kirk Zehrung,CPO,P,58131,9665,1428,54,1537
1,1,1,Kirsten Wohlrab,,,21132,,1250,125,1500
1,1,1,Kolby Krie,CPO,P,42216,16105,1188,61,1309
1,1,1,Kordell Roberts,ALU,P,,,,,
2,2,2,Kylie Waibel,TWC,P,35662,4059,1305,43,1391
2,1,2,Laura Bodine,NLT,P,42813,13141,1278,59,1397
3,1,3,Laura Hale,,,20392,5994,1417,59,1536
1,1,1,Lauren Aiello,DIH,P,47061,5881,1255,53,1361
4,3,4,Lauren Aquino,DSV,A,27227,1470,1503,37,1578
2,1,2,Lauren Shepherd,KNR,P,9403,6436,1295,50,1395
2,1,2,Lawrence Campbell,TBT,P,52722,7497,1334,43,1420
3,1,3,Lefty Sitaras,,,26328,6926,1395,42,1478
1,1,1,Lenny Jackson,,,53107,21825,1113,109,1330
1,1,1,Lester Mass,,,,,1168,112,1392
1,1,1,Lilly Belle,,,,,1245,90,1425
1,1,1,Lina Davidson,,,56705,,1244,104,1452
3,1,3,Lucas Arias,DTP,P,48190,5256,1406,38,1482
1,1,1,Lucy Hoffman,DIH,P,48642,11969,1243,52,1347
1,1,1,Luke Bullert,,,,,1176,118,1412
3,3,3,Luke Camarda,TWC,P,19497,2243,1413,44,1500
1,1,1,Lyn Cason,,,47538,12239,1233,69,1371
1,1,1,Mackenzie Meinhordt,,,53106,18502,1250,125,1500
1,1,1,Maia Williams,,,,,1219,99,1417
5,6,6,Maka Honig,JMF,P,3238,84,1604,33,1670
2,1,2,Mandie Moore,CRA,P,38315,8271,1323,58,1439
1,1,1,Marilyn Braighboy,,,24744,20566,1194,83,1359
3,2,3,Mark Daddy,,,45886,4351,1374,44,1461
3,1,3,Mark Demmel,,,49098,12450,1439,56,1551
3,1,3,Mark McClure,CDC,A,27323,7953,1366,52,1471
1,1,1,Mark Rueter,,,45913,32767,1085,108,1301
3,3,3,Mark Williams WA,,,17702,2475,1431,87,1605
4,1,4,Mark Wistrom,,,,,1474,41,1556
1,1,1,Mary Quinn,,,,,1128,106,1340
5,4,5,Matt Anderson,SWL,A,23996,697,1557,32,1620
5,2,5,Matt Bollinger,PBR,P,20059,3240,1567,50,1668
4,3,4,Matt Cohn,,,6823,2299,1481,84,1648
5,3,5,Matt Galbraith,SJK,P,8893,2017,1549,50,1650
3,3,3,Matt Golden,SCN,P,23040,1512,1387,39,1465
3,4,4,Matt Lauro,PGN,P,19324,976,1437,37,1512
2,1,2,Matt Salmon,,,40843,12439,1288,101,1490
4,4,4,Matt Sarnoff,,,14890,512,1462,89,1640
3,3,3,Matt Slater,IBL,P,40883,1595,1379,40,1459
4,4,4,Matt Watts,PBR,P,23896,825,1473,46,1566
4,3,4,Matt Wolfe,PBR,P,16574,1839,1468,48,1564
1,1,1,Matthew Ellis,,,9363,,1250,125,1500
2,1,2,Matthew Levi Tate,DIH,P,40885,11866,1294,50,1395
1,1,1,Matthew Puvogel,,,18283,21092,1111,111,1332
4,3,4,Maureen Hendrix,FRZ,A,48099,1809,1492,34,1559
3,2,3,Max Davidoff,SSS,P,48096,2768,1422,46,1514
2,1,2,Max Levine,,,53615,23258,1260,116,1491
5,3,5,Max Stiles,JMF,C,18829,2447,1534,54,1643
3,1,3,Megan Czahar,HHS,C,56969,19267,1388,35,1458
3,3,3,Meghan West,,,31623,1845,1365,57,1480
5,4,5,Michael Adcock,SWL,C,30396,857,1522,32,1585
3,1,3,Michael Darigol,SCN,P,33167,5356,1410,44,1499
1,1,1,Michael Rausch,,,49740,9261,1204,125,1454
5,4,5,Michael Warfield,CRA,P,12360,734,1518,36,1589
3,1,3,Michael Zuino,RMS,C,56113,5402,1374,44,1461
1,1,1,Michelle Duskey,,,50037,12241,1245,102,1449
2,1,2,Michelle Jones,,,41611,13643,1318,56,1430
1,1,1,Michelle Pfeiffer,,,16802,6173,1091,112,1314
2,1,2,Miguel Ferry,,,41046,12588,1280,98,1476
4,3,4,Mika Rollin,HHS,P,24011,1056,1488,31,1551
1,1,1,Mike Cook,CDC,P,,,1196,123,1442
6,5,6,Mike Corbett WA,,,21560,150,1626,30,1686
2,1,2,Mike Morton,,,,,1257,102,1461
1,1,1,Mike Norman,,,7794,,1250,125,1500
5,5,5,Mike Pantoliano,,,22995,312,1539,45,1628
1,1,1,Mike Poetzel,,,1687,,1250,125,1500
4,2,4,Mitch Anderson,,,40841,2835,1480,75,1630
2,1,2,Molly Foster,,,49477,7303,1338,58,1453
2,1,2,Nate Cantor,JMF,P,34117,13898,1330,57,1443
1,1,1,Nate Dominguez,,,51832,8777,1229,80,1388
1,1,1,Nathan Krause,,,44839,26029,1114,125,1364
4,5,5,Nathan Stellhorn,,,10190,400,1480,52,1584
2,1,2,Nathan Tompkins,CPO,P,,,1293,102,1497
4,3,4,Neil Kubath,,,42483,1179,1495,36,1567
3,2,3,Neil Oney,FRZ,P,49363,2837,1413,37,1486
5,5,5,Nic Crowson,SCN,P,31961,414,1582,37,1656
1,1,1,Nick Bates-Benitez,CDC,P,,,1247,100,1447
2,2,2,Nick Gibson,TBT,P,39078,4103,1348,45,1437
2,3,3,Nick Pernisco,,,41581,2298,1316,45,1407
5,3,5,Nick Taseris,DTP,P,13577,1400,1516,58,1633
2,1,2,Nif Ward,RMS,A,53621,9158,1308,49,1405
4,4,4,Nigel Colbert,,,1698,500,1483,32,1547
2,1,2,Nikki Davis,CHS,P,57867,,1285,51,1388
3,1,3,Nikolai Shere,ALU,C,,,1380,67,1514
3,3,3,Nina Ricciardi,TBT,P,21367,2244,1386,55,1496
4,3,4,Nycole Hyatt,SSS,P,3271,1085,1508,47,1601
3,1,3,Oliver Kohut,IBL,P,56658,7853,1436,53,1541
2,1,2,Pat May,,,48646,18979,1311,92,1494
2,2,2,Patrick Law,,,37357,3494,1308,63,1433
3,1,3,Paul White,HHS,P,17394,9855,1385,38,1462
1,2,2,Paul Williams WA,,,17701,4569,1250,125,1500
1,1,1,Pete Mitchell,,,,,,,
2,1,2,Peter Gapinski,LLK,P,,,1259,63,1385
2,2,2,Peter Olive,,,34399,2997,1293,87,1467
3,3,3,Peter Schatzer,,,25955,1156,1439,34,1507
3,2,3,Phil Harmonic,JMF,P,24007,4423,1411,47,1505
3,1,3,Phil Piwonka,SJK,P,10819,20036,1398,58,1513
4,3,4,Philip Joupperi,PGN,P,49952,1519,1484,34,1551
2,1,2,Philip Pinette,LLK,P,16302,7729,1314,59,1433
3,1,3,Phillip Dodt,HHS,P,57702,11755,1393,49,1490
3,2,3,Rachel Helm,TWC,P,22822,3060,1384,55,1494
2,1,2,Rachel Stack,ALU,P,,,1296,76,1448
3,3,3,Ramsey Sierra,CHS,C,19493,2136,1410,50,1511
2,2,2,Randall Olson,PGN,A,35157,4125,1313,52,1418
2,2,2,Randy Huynh,RMS,P,42480,4658,1336,52,1440
6,6,6,Raymond Davidson,SJK,A,2576,2,1691,38,1767
2,1,2,Ren Logan,TBT,P,54117,7972,1333,42,1416
3,2,3,Rhett Pearson,CPO,P,30042,4869,1403,46,1494
2,1,2,Richard Pugh,CHS,P,48188,9230,1334,54,1442
2,1,2,Richard Scott,CHS,P,33171,6403,1346,57,1461
5,5,5,Richie Terry,CHS,P,41582,336,1555,37,1628
3,1,3,Rick Simpson,,,44243,16476,1387,48,1483
1,1,1,Rita Perez,,,50073,7471,1202,63,1328
1,1,1,Rob Atlas,,,21369,,1250,125,1500
4,4,4,Robbie Finnigan,KNR,C,36802,852,1479,32,1543
1,1,1,Robert Evans,,,,,,,
1,1,1,Robert Rowland,CDC,P,,,,,
4,3,4,Robin Moore,,,26409,1475,1469,38,1546
3,3,3,Rodney Olsen,,,2599,2373,1365,83,1532
1,1,1,Ryan Buma,,,,,,,
3,1,3,Ryan Henak,RMS,P,53620,6460,1409,49,1507
4,3,4,Ryan Newstrum,TWC,A,33031,1344,1476,39,1554
4,1,4,Ryan Penrod,CPO,P,51823,6407,1454,37,1527
3,2,3,Ryan Tupper,PGN,P,52563,4723,1355,34,1422
6,5,6,Sagel Frazier,SSS,P,6837,302,1605,32,1670
4,3,4,Sam Atlas,JMF,P,20534,1078,1478,45,1567
1,1,1,Sam Bury,PGN,P,,,,,
3,3,3,Sam Snyder,NLT,P,29143,2144,1410,44,1498
5,3,5,Sam Stiles,JMF,P,21061,1990,1521,47,1615
3,2,3,Sandy Magallanes,CPO,P,40794,4281,1375,42,1459
1,1,1,Sarah Decory,TBT,P,51933,27291,1142,117,1376
3,3,3,Sarah Hager,DSV,P,52617,2281,1395,34,1462
1,1,1,Sarah Ledray,SCN,P,44231,9691,1192,59,1311
2,2,2,Sean Carlson,,,22839,3096,1307,50,1406
3,1,3,Sean Detore,NLT,P,4786,5827,1393,57,1507
1,1,1,Sean Gallagher,,,52792,14063,1239,98,1435
4,3,4,Sean Irby,DTP,P,49529,2122,1469,35,1538
5,3,5,Sean Mcdonald,,,34371,1518,1578,35,1648
3,3,3,Sean Shypula,SWL,P,44544,2021,1359,42,1444
5,5,5,Sergey Posrednikov,,,9141,209,1599,29,1658
1,1,1,Shawn Chamberlain,,,24015,7041,1235,125,1485
1,1,1,Sherae Lascelles,FRZ,P,,,,,
2,2,2,Sherry Smith,DSV,P,1710,4854,1291,64,1419
2,1,2,Sid Miner,,,47266,21188,1301,95,1492
1,1,1,Skye Fleming,,,56775,16526,1228,74,1375
4,3,4,Sophie Spickard,PBR,C,25650,1318,1498,39,1577
3,1,3,Stacy Wilson,,,42233,8289,1362,67,1496
3,1,3,Stanlo Slasinski,JMF,P,40838,6966,1428,48,1524
3,2,3,Steph Hanlon,IBL,P,40884,3330,1354,47,1447
1,1,1,Stephanie Sposaro,,,39457,21072,1250,125,1500
2,1,2,Stephen Brundle,LLK,P,,,1257,68,1393
2,2,2,Stephen Rakonza,KNR,A,43772,2734,1311,53,1417
1,1,1,Stephen Rarick,,,48191,9903,1193,90,1373
4,4,4,Steven Ackley,,,2585,959,1456,49,1555
5,3,5,Steven Brewer,,,44631,1042,1588,38,1664
1,1,1,Steven Mendez,CPO,P,54914,10824,1205,65,1334
3,2,3,Stuart Young,,,38325,3530,1391,62,1514
4,2,4,Taylor Minter,NLT,A,31725,3796,1508,55,1618
1,1,1,Tenee Brockington,,,33061,11946,1204,51,1307
3,3,3,Terrence Vaccaro,,,24208,1741,1424,57,1538
1,1,1,Thom Geibel,,,46897,27970,1161,125,1411
3,2,3,Tim Collins,SWL,P,49080,3770,1390,32,1453
5,4,5,Tim McCool,DSV,P,39188,704,1547,30,1607
3,1,3,Tim Sassafrass,,,,,1355,108,1571
5,5,5,Tim Tournay,,,4139,165,1585,41,1667
4,1,4,Tim Uomoto,CRA,P,36803,5773,1454,41,1535
3,3,3,Timm Shere,,,43627,1623,1438,33,1505
3,2,3,Timothy Kitchen,IBL,P,58059,4990,1403,60,1524
1,1,1,Tj Denne,,,,,1220,107,1434
5,5,5,Todd Larsen,,,39139,492,1573,31,1636
6,6,6,Todd Rafacz,,,19478,89,1638,41,1720
1,1,1,Tomar Schell,,,54850,,1198,75,1348
3,2,3,Tony Bacus,,,14390,4526,1401,51,1503
1,1,1,Tony Mitchum,ALU,P,21365,,1250,125,1500
5,5,5,Travis Maisch,TWC,P,24525,387,1545,38,1620
2,2,2,Tressa Points,DTP,P,42481,3147,1257,52,1361
3,1,3,Trina Wheatley,,,57385,12667,1358,85,1528
2,1,2,Tristan Mott,,,51863,20105,1272,104,1480
2,1,2,Tristan Ward,,,,,1338,73,1484
1,1,1,Tyler Bentley Adams,,,,,,,
2,1,2,Tyler Dellinger,,,51278,16947,1286,108,1503
1,1,1,Tyler Esselstrom,,,51833,17624,1205,87,1378
1,1,1,Tyler Lingwall,,,26410,13425,1113,115,1344
3,1,3,Tyler Moore,HHS,P,34418,7686,1420,54,1528
3,2,3,Tyler Morgan,TBT,A,49667,4196,1366,43,1453
3,2,3,Umboon Moore,DSV,P,43204,3079,1443,37,1518
2,1,2,Vanessa Ish,,,52614,,1279,73,1424
1,1,1,Vic Pitre,,,,,1137,96,1329
5,3,5,Vincent Sperrazza,,,47285,1100,1592,33,1657
1,1,1,Whitney Davis,,,,,1256,112,1480
3,1,3,Whitney Zissou,SSS,P,33174,5909,1417,40,1497
2,2,2,Will Kirkland,,,41038,4267,1337,63,1464
1,1,1,Will Shull,ALU,P,,,,,
3,3,3,William Gordon,,,37360,1500,1387,45,1476
3,3,3,William Scott Jordan,,,34108,1334,1366,46,1457
4,3,4,Zac Petersen,DSV,C,17127,1147,1485,35,1556
2,3,3,Zach Amador,,,35080,1393,1317,67,1450
1,1,1,Zak Geier,ALU,A,,,,,
